Title,Description
0,）および乳様突起右下肢（右膝関節部を含み、右股関節部を除きます
1,引受保険会社お届けしたのは…〒100-8411東京都千代田区有楽町1-13 -1電話（03）3216-1211（大代表）インターネットホームページ https://www.dai-ichi-life.co.jp契企［登］15109-03 2020.041特別条件のご承諾のお願い今回お申し込みいただいたご契約につきまして、誠に恐縮に存じますが、「承諾書」記載の特別条件をご承諾のうえ、ご加入いただく必要がございます
2,）両股関節部食道および胃皮膚および皮下組織（頭皮および皮下組織を含みます
3,）そけいヘルニア、陰のうヘルニアおよび大腿ヘルニア食道咽頭および喉頭（咽頭には扁桃を含みます
4,なお、保障内容に(2)保険金額削減支払法、身体障害年金額・死亡給付金額削減支払法当社が定めた削減期間内に保険金・年金等をお支払いする場合、支払うべき保険金額・年金額等に  の削減期間に応じた割合を乗じて得た金額をお支払いする方法です(※1)
5,C子宮・卵巣を同時摘出した場合は、両方お支払い対象となります
6,）基本分類コードＦ10－Ｆ19Ｆ20－Ｆ29Ｆ30－Ｆ39 Ｆ60Ｆ61Ｆ62Ｆ63Ｆ68Ｆ69Ｆ99●神経症性障害、ストレス関連障害及び身体表現性障害Ｆ40－Ｆ48●生理的障害及び身体的要因に関連した行動症候群Ｆ50－Ｆ59●成人の人格及び行動の障害(Ｆ60－Ｆ69)のうち、・てんかん・てんかん重積(状態)・睡眠障害(Ｇ47)のうち、 ・特定の人格障害 ・混合性及びその他の人格障害 ・持続的人格変化、脳損傷及び脳疾患によらないもの ・習慣及び衝動の障害 ・その他の成人の人格及び行動の障害 ・詳細不明の成人の人格及び行動の障害・睡眠の導入及び維持の障害［不眠症］・過度の傾眠［過眠症］・睡眠・覚醒スケジュール障害・ナルコレプシー及びカタプレキシー・その他の睡眠障害・睡眠障害、詳細不明●不担保期間中の不担保部位の入院・手術であっても、見直し前契約が保障していた日額まではお支払いの対象となる場合があります
7,(※1)災害または約款所定の対象となる感染症による場合は、保険金額・年金額等の削減はありません
8,）子宮体部（帝王切開を受けた場合に限ります
9,ご契約の保険期間● 被保険者（こども学資保険の場合は契約者含む）が自覚可能な身体の異常が存在した、または契約者が認識可能な被保険者の身体の異常が存在した
10,）および乳様突起｣が2年間の部位不担保不担保部位（番号）❻（※）不担保期間2年不担保部位(番号）❷（※）不担保期間2年第2保険年度中に十二指腸潰瘍で入院した場合第2保険年度中にもう一方の左耳が中耳炎となり、手術した場合● 医師の診療を受けたことがある
11,）脊椎6保障見直し特約条項を適用してご加入する場合の留意事項保障見直し制度をご利用いただくにあたり、見直し後契約の保障範囲（保険金額・入院給付金日額等）につきましては、見直し前契約で保障されていた保険金額・入院給付金日額等を超えない範囲で、保険金額・入院給付金日額等前立腺の一部（または全部）をお支払いできる場合がございます
12,●女性特定治療特約Ｄ●無配当女性特定治療特約❻食道および胃胃および十二指腸小腸（十二指腸、空腸および回腸をいいます
13,）虫垂炎大腸（盲腸、虫垂、結腸および直腸をいいます
14,）眼球および眼球付属器（眼瞼、結膜、涙器、眼筋および眼窩内組織を含みます
15,）脊椎6保障見直し特約条項を適用してご加入する場合の留意事項前立腺保障見直し制度をご利用いただくにあたり、見直し後契約の保障範囲（保険金額・入院給付金日額等）につきましては、見直し前契約で保障されていた保険金額・入院給付金日額等を超えない範囲で、保険金額・入院給付金日額等の一部（または全部）をお支払いできる場合がございます
16,ア．払済保険への変更イ．保険期間の変更この他にもお取扱いできない場合があります
17,削減期間経過後は、保険金額・年金額等をすべて保障いたします
18,）腎臓および尿管膀胱および尿道腎臓、尿管、膀胱および尿道睾丸および副睾丸！54生殖器(女性)5生殖器(男性)子宮、卵巣、卵管および子宮付属器左肩関節部左上肢（左肩関節部を除きます
19,表1また、商品ごとに削減の取扱いが異なりますので、特に注意が必要な商品についてはをご確認ください
20,「精神・行動の障害、てんかん、睡眠障害および薬剤等中毒」とは、平成27年２月13日総務省告示第35号にもとづく厚生労働省大臣官房統計情報部編「疾病、傷害及び死因の統計分類提要ＩＣＤ－10（2013年版）準拠」に記載された分類項目中、次表の基本分類コードに規定される内容によるもの（複数の基本分類コードが使用される傷病名で、「特定部位・指定疾病不担保法」が適用される場合分類項目分類項目基本分類コード●症状性を含む器質性精神障害Ｆ00－Ｆ09●神経系のその他の変性疾患(Ｇ30－Ｇ32)のうち、●精神作用物質使用による精神及び行動の障害●統合失調症、統合失調症型障害及び妄想性障害●気分［感情］障害・神経系のその他の変性疾患、他に分類されないもの（Ｇ31）のうち、・神経系のその他の明示された変性疾患(レヴィ小体型認知症に限ります
21,契約以前に胃潰瘍で治療を受けたことから、「胃お契約以前に右耳の中耳炎で治療を受けたことかよび十二指腸」が2年間の部位不担保ら、｢耳（内耳、中耳および外耳を含みます
22,）そけいヘルニア、陰のうヘルニアおよび大腿ヘルニア肛門（肛門管および肛門周囲を含みます
23,6保険金などがお支払いできない場合責任開始前に病気やケガが発生していた場合など、例1例2保険金などがお支払いできないことや保険料払込の免除ができないことがあります
24,なお、保険料に変更はありません
25,）（※）「精神・行動の障害、てんかん、睡眠障害および薬剤等中毒」適用時の取扱いをご確認ください
26,（※）以下の場合であっても保険金のお支払いを行いません
27,●見直し後契約の不担保期間が終了した場合は、不担保部位での入院・手術であっても、契約内容どおりお支払い＜お支払いの対象とならない代表的な疾患例＞事例3特定部位不担保法（女性特定治療保険用）が適用されている場合でも給付金をお支払いできる場合があります
28, ただし、見直し前契約に付加されている契約のお支払い条件に該当する場合、また、所定の条件を全て満たしている場合にお支払いとなります
29,）お保険金などがお支払いできない主な場合不担保部位（番号）❻（※）不担保期間2年よび乳様突起｣が2年間の部位不担保不担保部位(番号）❷（※）不担保期間2年第2保険年度中に十二指腸潰瘍で入院した場合手術した場合第2保険年度中にもう一方の左耳が中耳炎となり、● 医師の診療を受けたことがある
30,ご契約から1年以内は第1保険年度、2年目は第2保険年度となります
31,）分類項目分類項目基本分類コード●症状性を含む器質性精神障害Ｆ00－Ｆ09●神経系のその他の変性疾患(Ｇ30－Ｇ32)のうち、❺甲状腺皮膚および皮下組織（頭皮および皮下組織を含みます
32,）4番号❷❸❺❻甲状腺胃および十二指腸肝臓、胆のうおよび胆管膵臓肺臓、胸膜、気管および気管支腎臓および尿管膀胱および尿道睾丸および副睾丸前立腺乳房頸椎部（当該神経を含みます
33,なお、「特別保険料領収法」の本帳票の｢ 特別条件の種類｣ (2)～(5)の場合においては、保険料に変更はありません
34,）❷咽頭および喉頭❺甲状腺そけいヘルニア、陰のうヘルニアおよび大腿ヘルニア皮膚および皮下組織（頭皮および皮下組織を含みます
35,ただし、見直し前契約の「保険金削減支払法」の規定によらない保険金額等を限度とします
36,喉頭には声帯を含みます
37,本例の場合、十二指腸潰瘍れも不担保部位となりますので、お支払い対象とは特定部位不担保法が適用された原因疾患でははなりません
38,睾丸および副睾丸事例1保険金額削減支払法等が適用されている場合でも保険金をお支払いできる場合があります
39,）鼻（副鼻腔を含みます
40,両股関節部左股関節部左下肢(左膝関節部を含み、左股関節部を除きます
41,）および乳様突起鼻（副鼻腔を含みます
42,ただし、左右区別して部位が指定されている場合は、このかぎりではありません
43,）肺臓、胸膜、気管および気管支肝臓、胆のうおよび胆管虫垂炎大腸（盲腸、虫垂、結腸および直腸をいいます
44,  ●上の事例では、第1年度・第2年度の削減後の保険金額が見直し前契約の保険金額を下回るため、第1年度・第2解説年度に支払事由に該当した場合でも、削減せずに見直し前契約の金額までお支払いの対象となります
45,）大腸（盲腸、虫垂、結腸および直腸をいいます
46,)4番号❷❸❺❻甲状腺胃および十二指腸肝臓、胆のうおよび胆管膵臓肺臓、胸膜、気管および気管支腎臓および尿管膀胱および尿道睾丸および副睾丸前立腺乳房頸椎部（当該神経を含みます
47,（5）保険金などを詐取する目的で事故を起こしたときや、契約者、被保険者または保険金などの受取人が暴力団関係者その他の反社会的勢力に該当すると認められたときなど、重大事由により契約が解除された場合
48,耳、眼球、乳房など左右一対となっている部位が不担保部位に指定されている場合は、左右いずれも不担保部位となりますので、お支払い対象とはなりません
49,表2削減支払取扱商品のうち特に注意が必要なもの商品「削減支払」となるもの削減期間中でも「全額支払」となるもの特定状態定期保険死亡保険金 / 身体障害保険金特定疾病保険金 / 介護保険金特定状態充実保障定期保険Ⅰ型・Ⅱ型特定疾病保険金 / 介護保険金 /特定状態充実保障保険金(A)・(B)のうち左記「削減支払」対象以外死亡保険金 / 身体障害保険金 /特定状態充実保障保険金(A)のうち4級(※3)の障害に該当し手帳の交付があった場合 /特定状態充実保障保険金(B)のうち5級(※3)または6級(※3)の障害に該当し手帳の交付があった場合基づきます
50,）肺臓、胸膜、気管および気管支肝臓、胆のうおよび胆管そけいヘルニア、陰のうヘルニアおよび大腿ヘルニア肛門（肛門管および肛門周囲を含みます
51,＜お支払いの対象とならない代表的な疾患例＞事例3特定部位不担保法（女性特定治療保険用）が適用されている場合でも給付金をお支払いできる場合があります
52,)❻食道および胃胃および十二指腸小腸（十二指腸、空腸および回腸をいいます
53,（※2）悪性新生物を支払事由とした特定疾病保険金の請求など、告知されていても対象にならないケースがあります
54,乳がん・乳房の上皮内がんによる乳房の観血切除術上記理由による乳房再建手術：お支払い対象：お支払い対象外子宮摘出卵巣摘出ACB悪性新生物・上皮内がん・所定の感染症が原因で、子宮・卵巣・卵管に関わる手術をした場合（部分切除）悪性新生物・上皮内がん・所定の感染症以外が原因で、子宮・卵巣・卵管に関わる手術をした場合（部分切除）※子宮・卵巣同時摘出は両方対象特定部位不担保法の対象となるのは、悪性新生物・上皮内がん・所定の感染症以外が原因で、子宮および子宮附属器(卵巣および卵管)における疾病の治療を目的とする手術です
55,分類項目●症状性を含む器質性精神障害●精神作用物質使用による精神及び行動の障害●統合失調症、統合失調症型障害及び妄想性障害●気分［感情］障害●神経症性障害、ストレス関連障害及び身体表現性障害●生理的障害及び身体的要因に関連した行動症候群●成人の人格及び行動の障害(Ｆ60－Ｆ69)のうち、 ・特定の人格障害 ・混合性及びその他の人格障害 ・持続的人格変化、脳損傷及び脳疾患によらないもの ・習慣及び衝動の障害 ・その他の成人の人格及び行動の障害 ・詳細不明の成人の人格及び行動の障害基本分類コードＦ00－Ｆ09Ｆ10－Ｆ19Ｆ20－Ｆ29Ｆ30－Ｆ39Ｆ40－Ｆ48Ｆ50－Ｆ59 Ｆ60Ｆ61Ｆ62Ｆ63Ｆ68Ｆ69(レヴィ小体型認知症に限ります
56, つきましては、「ご契約のしおりー約款」と、本帳票をお読みいただき、適用となります特別条件の内容をご理解のうえ、ご承諾くださいますようお願い申し上げます
57,ただし、左右区別して部位が指定ありませんが、不担保となる部位に該当しますのされている場合は、このかぎりではありません
58,不担保部位として指定された部位に生じた疾病耳、眼球、乳房など左右一対となっている部位がによる入院・手術については、給付金のお支払い不担保部位に指定されている場合は、左右いず対象とはなりません
59,不担保部位として指定された部位に生じた疾病による入院・手術については、給付金のお支払い対象とはなりません
60,保険金などがお支払いできない主な場合（1）責任開始期（または復活日）より前からすでに発生していた病気（※1）やケガを原因とする、死亡保険金以外のご請求の場合 
61,ただし、約款所定の感染症による治療を目的とする場合は、給付金をお支払いいたします
62,咽頭および喉頭（咽頭には扁桃を含みます
63,2特別条件の種類(1)特別保険料領収法変更はありません
64,お支払い対象外となるのは、原因が【悪性新生物・上皮内がん・所定の感染症以外での子宮・卵巣・卵管に関わる手術(部分切除)をした場合】のみとなります
65,）異常妊娠および異常分娩両膝関節部虫垂炎大腸（盲腸、虫垂、結腸および直腸をいいます
66,)●挿間性及び発作性障害(Ｇ40－Ｇ47)のうち、・てんかん・てんかん重積(状態)・睡眠障害(Ｇ47)のうち、・睡眠の導入及び維持の障害［不眠症］・過度の傾眠［過眠症］・睡眠・覚醒スケジュール障害・ナルコレプシー及びカタプレキシー・その他の睡眠障害・睡眠障害、詳細不明●心理的発達の障害●小児＜児童＞期及び青年期に通常発症する行動及び情緒の障害●詳細不明の精神障害Ｆ80－Ｆ89Ｆ90－Ｆ98Ｆ99●薬物、薬剤及び生物学的製剤による中毒(Ｔ36－Ｔ50)のうち、・抗てんかん薬、鎮静・催眠薬及び抗パーキンソン病薬による中毒・向精神薬による中毒、他に分類されないもの・主として自律神経系に作用する薬物による中毒Ｇ31.8 Ｇ40Ｇ41 Ｇ47.0Ｇ47.1Ｇ47.2Ｇ47.4Ｇ47.8Ｇ47.9 Ｔ42Ｔ43Ｔ44●不担保期間中の不担保部位の入院・手術であっても、見直し前契約が保障していた日額まではお支払いの対象となる場合があります
67,特別条件付契約のしおり(3)特定部位・指定疾病不担保法当社が指定した身体部位または指定疾病について、危険の程度に応じ、一定期間保障不適用とする方法です
68,1特別条件のご承諾のお願い今回お申し込みいただいたご契約につきまして、誠に恐縮に存じますが、「承諾書」記載の特別条件をご承諾のうえ、ご加入いただく必要がございます
69,なお、保障内容に(2)保険金額削減支払法、身体障害年金額・死亡給付金額削減支払法当社が定めた削減期間内に保険金・年金等をお支払いする場合、支払うべき保険金額・年金額等に  の削減期間に表1応じた割合を乗じて得た金額をお支払いする方法です(※1)
70,表2削減支払取扱商品のうち特に注意が必要なもの商品「削減支払」となるもの削減期間中でも「全額支払」となるもの特定状態定期保険死亡保険金 / 身体障害保険金特定疾病保険金 / 介護保険金特定状態充実保障定期保険Ⅰ型・Ⅱ型特定疾病保険金 / 介護保険金 /特定状態充実保障保険金(A)・(B)のうち左記「削減支払」対象以外死亡保険金 / 身体障害保険金 /特定状態充実保障保険金(A)のうち4級(※3)の障害に該当し手帳の交付があった場合 /特定状態充実保障保険金(B)のうち5級(※3)または6級(※3)の障害に該当し手帳の交付があった場合(※3)等級に関しては身体障害者障害程度等級表に基づきます
71,※見直し後契約の削減前の保険金額が見直し前契約の保険金額より低い場合は「保険金額削減支払法」を適用せずに保険金等をお支払いいたします
72,上記の部位番号34、39、58および98の指定疾病の内容については、平成27年２月13日総務省告示第35号にもとづく厚生労働省大臣官房統計情報部編「疾病、傷害及び死因の統計分類提要ＩＣＤ－10（2013年版）準拠」により定めており、詳しくは「約款」をご確認ください
73,●見直し後契約の不担保期間が終了した場合は、不担保部位での入院・手術であっても、契約内容どおりお支払いの対象となります
74,）腎臓および尿管膀胱および尿道腎臓、尿管、膀胱および尿道睾丸および副睾丸！5｢精神・行動の障害、てんかん、睡眠障害および薬剤等中毒｣適用時の取扱い事例2特定部位・指定疾病不担保法が適用されている場合でも給付金をお支払いできる場合があります
75,なお、上表の基本分類コードに規定される疾患以外の治療を目的とする入院・手術などはお支払いいたします
76,AB解説見直し前契約が保障していた｢子宮摘出・卵巣摘出｣については、その原因が【悪性新生物・上皮内がん・所定の感染症以外】であってもお支払い対象となります
77,)●挿間性及び発作性障害(Ｇ40－Ｇ47)のうち、●神経症性障害、ストレス関連障害及び身体表現性障害Ｆ40－Ｆ48●生理的障害及び身体的要因に関連した行動症候群Ｆ50－Ｆ59●成人の人格及び行動の障害(Ｆ60－Ｆ69)のうち、・てんかん・てんかん重積(状態)・睡眠障害(Ｇ47)のうち、 ・特定の人格障害 ・混合性及びその他の人格障害 ・持続的人格変化、脳損傷及び脳疾患によらないもの ・習慣及び衝動の障害 ・その他の成人の人格及び行動の障害 ・詳細不明の成人の人格及び行動の障害・睡眠の導入及び維持の障害［不眠症］・過度の傾眠［過眠症］・睡眠・覚醒スケジュール障害・ナルコレプシー及びカタプレキシー・その他の睡眠障害・睡眠障害、詳細不明基本分類コードＦ10－Ｆ19Ｆ20－Ｆ29Ｆ30－Ｆ39 Ｆ60Ｆ61Ｆ62Ｆ63Ｆ68Ｆ69Ｆ99Ｇ31.8   Ｇ40Ｇ41Ｇ47.0Ｇ47.1Ｇ47.2Ｇ47.4Ｇ47.8Ｇ47.9Ｔ42Ｔ43Ｔ44●心理的発達の障害情緒の障害●詳細不明の精神障害●小児＜児童＞期及び青年期に通常発症する行動及び・抗てんかん薬、鎮静・催眠薬及び抗パーキンソン病薬による中毒Ｆ90－Ｆ98・向精神薬による中毒、他に分類されないもの・主として自律神経系に作用する薬物による中毒Ｆ80－Ｆ89●薬物、薬剤及び生物学的製剤による中毒(Ｔ36－Ｔ50)のうち、の対象となります
78,(※)不担保部位(番号)については｢  特定部位・指定疾病不担保法により不担保とする身体部位および指定疾病｣の表をご覧ください
79,(1)特別条件付契約の責任開始＜本帳票に関わる留意事項＞特別条件付のご契約は、特別条件のお取扱いを記載した「承諾書」にご署名（保険契約者が法人の場合は、ご記名と押保険金等のお支払い対象となる、またはならない場合、その他お取扱いにつきましては、「ご契約のしおりー約款」をご確印）いただいた場合に、ご契約の申し込みまたは告知のいずれか遅い時から保障が開始されます
80,(2)特別保険料領収法を除き、保険料に変更はありません
81,）2胸腹部食道膵臓虫垂炎骨格3右肩関節部右上肢（右肩関節部を除きます
82,）異常妊娠および異常分娩両膝関節部眼球および眼球付属器（眼瞼、結膜、涙器、眼筋および眼窩内組織を含みます
83,")●挿間性及び発作性障害(Ｇ40－Ｇ47)のうち、【見直し前契約】日額 5,000円×不担保期間【見直し後契約】日額 10,000円眼球および眼球付属器（眼瞼、結膜、涙器、眼筋および眼窩内組織を含みます"
84,頸椎部（当該神経を含みます
85,）左肩関節部右肩関節部左股関節部右股関節部身体部位図1頭頚部・乳房❸乳房口腔、歯、舌、顎下腺、耳下腺、舌下腺、上顎骨、下顎骨および顎関節部（口腔には口唇および口蓋を含みます
86,"お支払いする保険金額  2,250万円お支払いする保険金額  2,250万円3,000万円保険金額×75％＝2,250万円支払割合支払保険金額このたびは、当社に生命保険のお申し込みをいただき、誠にありがとうございます"
87,）食道咽頭および喉頭（咽頭には扁桃を含みます
88,（女性特定治療保険用）｣が適用される場合●告知いただいた内容など、不担保が適用となった原因疾患にかかわらず、上表の基本分類コードに規定されるすべての疾患がお支払いの対象となりません
89,責任開始期（保障の開始）保険期間満了②のみお支払いの対象となります
90,ご契約の保険期間● 被保険者（こども学資保険の場合は契約者含む）が自覚可能な身体の異常が存在した、または契約者が認識可能な被保険者の身体の異常が責任開始期（保障の開始）保険期間満了存在した
91,）小腸（十二指腸、空腸および回腸をいいます
92,表2表1支払率表削減期間保険年度第1年度第2年度第3年度第4年度第5年度1年50%100%100%100%100%2年30%60%100%100%100%3年25%50%75%100%100%4年20%40%60%80%100%5年15%30%45%60%80%保険年度とは、ご加入からの経過年数を示します
93,"(※3)等級に関しては身体障害者障害程度等級表に特定状態収入保障保険死亡給付金 / 身体障害年金特定疾病年金 / 介護年金特定疾病定期保険死亡保険金特定疾病充実保障定期保険死亡保険金特定疾病保険金特定疾病保険金 特定疾病充実保障保険金例終身保険および定期保険に保険金額削減支払法を適用した場合●終身保険●定期保険●削減期間3年間保険金額 2,000万円保険金額 1,000万円契約後3年目に胃がんで死亡この場合の保険金額は右のとおりとなります"
94,上顎骨には上顎洞を含みます
95,）をいいます
96,"3,000万円【計算式】お支払いする保険金額  2,250万円お支払いする保険金額  2,250万円3,000万円保険金額×75％＝2,250万円支払割合支払保険金額"
97,）●精神作用物質使用による精神及び行動の障害●統合失調症、統合失調症型障害及び妄想性障害●気分［感情］障害・神経系のその他の変性疾患、他に分類されないもの（Ｇ31）のうち、・神経系のその他の明示された変性疾患(レヴィ小体型認知症に限ります
98,  解説●上の事例では、第1年度・第2年度の削減後の保険金額が見直し前契約の保険金額を下回るため、第1年度・第2年度に支払事由に該当した場合でも、削減せずに見直し前契約の金額までお支払いの対象となります
99,）耳（内耳、中耳および外耳を含みます
100,●女性特定治療特約Ｄ●無配当女性特定治療特約Ｇ31.8   Ｇ40Ｇ41Ｇ47.0Ｇ47.1Ｇ47.2Ｇ47.4Ｇ47.8Ｇ47.9Ｔ42Ｔ43Ｔ44❻食道および胃胃および十二指腸小腸（十二指腸、空腸および回腸をいいます
101,）❸乳房口腔、歯、舌、顎下腺、耳下腺、舌下腺、上顎骨、下顎骨および顎関節部（口腔には口唇および口蓋を含みます
102,うつ病・躁うつ病・不安障害・統合失調症・神経症（ノイローゼ）・適応障害・不眠症・アルコール依存症・てんかん・認知症見直し前契約に付加されている特約が以下のいずれかで、見直し後契約の女性特定治療保険に｢特定部位不担保法●保険期間の全期間（更新型の場合は更新限度まで）にわたり、お支払いの対象となりません
103,（1）責任開始期（または復活日）より前からすでに発生していた病気（※1）やケガを原因とする、死亡保険金以外のご請求の場合 
104,)特定部位・指定疾病不担保法により不担保とする身体部位および指定疾病身体部位・指定疾病番号身体部位・指定疾病耳（内耳、中耳および外耳を含みます
105,)(3)特定部位・指定疾病不担保法当社が指定した身体部位または指定疾病について、危険の程度に応じ、一定期間保障不適用とする方法です
106,）左上肢（左肩関節部を除きます
107,）左下肢(左膝関節部を含み、左股関節部を除きます
108,(5)特定障害不担保法視覚障害・聴覚障害のうち、当社が指定した障害について、身体障害保険金、身体障害年金および特定状態充実保障保険金(A)・(B)（※）のお支払いや保険料の払込免除を全期間(更新型の場合は更新限度まで)において行わない方法です
109,本例の場合、十二指腸潰瘍は特定部位不担保法が適用された原因疾患ではありませんが、不担保となる部位に該当しますので、給付金のお支払いはできません
110,子宮および子宮附属器（卵巣および卵管)における疾病の治療を目的とする手術について、全期間(更新型の場合は更新（3）責任開始期（または復活日）から3年以内に自殺した場合など、約款に定める免責事由に該当する場合
111,※今回お申し込みいただいた契約（見直し後契約）および見直し前契約いずれも削減期間中の場合は、削減後の保険金額を比較して高い方をお支払いいたします
112,左上肢（左肩関節部を除きます
113,特定状態充実保障保険金（Ａ）：身体障害者障害程度等級表に定める4級の障害に該当し手帳の交付があった場合特定状態充実保障保険金（Ｂ）：身体障害者障害程度等級表に定める5級または6級の障害に該当し手帳の交付があった場合3特別条件を付加した場合の注意点(1)特別条件付契約の責任開始＜本帳票に関わる留意事項＞特別条件付のご契約は、特別条件のお取扱いを記載した「承諾書」にご署名（保険契約者が法人の場合は、ご記名と押印）いただいた場合に、ご契約の申し込みまたは告知のいずれか遅い時から保障が開始されます
114,）（咽頭には扁桃を含みます
115,本帳票の｢ 特別条件の種類｣ (2)～(5)の場合においては、保険料に変更はありません
116,ただし虫垂炎の場合は除きます
117,)●見直し前契約より増額されている日額分は、不担保法が適用されているため、お支払いの対象とはなりません
118,●見直し後契約の不担保期間が終了した場合は、不担保部位での入院・手術であっても、契約内容どおりお支払い解説＜お支払いの対象とならない代表的な疾患例＞事例3特定部位不担保法（女性特定治療保険用）が適用されている場合でも給付金をお支払いできる場合があります
119,）右上肢（右肩関節部を除きます
120,認ください
121,契約以前に胃潰瘍で治療を受けたことから、「胃および十二指腸」が2年間の部位不担保契約以前に右耳の中耳炎で治療を受けたことから、｢耳（内耳、中耳および外耳を含みます
122,）肛門（肛門管および肛門周囲を含みます
123,危険の程度に応じて、当社が定めた特別保険料を、普通保険料に加えてお払い込みいただく方法です
124,）｢精神・行動の障害、てんかん、睡眠障害および薬剤等中毒｣適用時の取扱い事例2特定部位・指定疾病不担保法が適用されている場合でも給付金をお支払いできる場合があります
125,また、商品ごとに削減の取扱いが異なりますので、特に注意が必要な商品についてはをご確認ください
126,"分類項目基本分類コード●神経系のその他の変性疾患(Ｇ30－Ｇ32)のうち、・神経系のその他の変性疾患、他に分類されないもの（Ｇ31）のうち、・神経系のその他の明示された変性疾患【見直し前契約】日額 5,000円【見直し後契約】日額 10,000円「特定部位・指定疾病不担保法」が適用される場合×不担保期間「精神・行動の障害、てんかん、睡眠障害および薬剤等中毒」とは、平成27年２月13日総務省告示第35号にもとづく厚生労働省大臣官房統計情報部編「疾病、傷害及び死因の統計分類提要ＩＣＤ－10（2013年版）準拠」に記載された分類項目中、次表の基本分類コードに規定される内容によるもの（複数の基本分類コードが使用される傷病名で、その基本分類コードのいずれかが次表の基本分類コードに規定される場合を含みます"
127,）口腔、歯、舌、顎下腺、耳下腺、舌下腺、上顎骨、下顎骨および顎関節部（口腔には口唇および口蓋を含みます
128,)解説●見直し前契約より増額されている日額分は、不担保法が適用されているため、お支払いの対象とはなりません
129,なお、「特別保険料領収法」の2お取扱いをするご契約については、その他に特別保険料のお払込みが必要となります
130,限度まで)において女性特定手術給付金をお支払いしない方法です
131,"3,000万円【計算式】本帳票は「ご契約のしおりー約款」と共に大切に保管いただきますようお願いいたします"
132,）腎臓、尿管、膀胱および尿道子宮、卵巣、卵管および子宮付属器脊椎（当該神経を含みます
133,●告知いただいた内容など、不担保が適用となった原因疾患にかかわらず、上表の基本分類コードに規定されるすべての疾患がお支払いの対象となりません
134,）左肩関節部右肩関節部左股関節部右股関節部特定部位・指定疾病不担保法により不担保とする身体部位および指定疾病身体部位・指定疾病番号身体部位・指定疾病耳（内耳、中耳および外耳を含みます
135,詳しくは、「約款」をご参照ください
136,耳（内耳、中耳および外耳を含みます
137,保険金等のお支払い対象となる、またはならない場合、その他お取扱いにつきましては、「ご契約のしおりー約款」をご確認ください
138,"お支払いする保険金額  2,250万円お支払いする保険金額  2,250万円【計算式】3,000万円保険金額×75％支払割合＝2,250万円支払保険金額(3)特定部位・指定疾病不担保法当社が指定した身体部位または指定疾病について、危険の程度に応じ、一定期間保障不適用とする方法です"
139,①②③発病事由に発病事由に発病事由に（原因）該当（原因）該当（原因）該当● 健康診断等において異常の指摘（要経過観察の指摘を含む）がある
140,）および乳様突起その基本分類コードのいずれかが次表の基本分類コードに規定される場合を含みます
141,)精神・行動の障害、てんかん、睡眠障害および薬剤等中毒（※）右股関節部両膝関節部右下肢（右膝関節部を含み、右股関節部を除きます
142,（4）保険料の払込がなく、契約が無効もしくは失効となった後に保険金などの支払事由に該当した場合
143,4(4)特定部位不担保法（女性特定治療保険用）（2）「告知義務違反」により契約が解除された場合
144,）腰椎部、仙骨部および尾骨部（当該神経を含みます
145,(3)ご契約成立後、次のお取扱いはできない場合があります
146,（※1）その病気およびその病気と医学上重要な関係にある病気について、責任開始期より前に次のいずれかがある場合
147,）身体部位図1頭頚部・乳房眼球および眼球付属器（眼瞼、結膜、涙器、眼筋および眼窩内組織を含みます
148,"）｢保険金額削減支払法｣等で「削減3年」が適用される場合【見直し前契約】死亡保険金額2,000万円×【見直し後契約】死亡保険金額3,000万円第1年度第2年度第3年度第4年度保険金額削減期間3年●削減期間中であっても、見直し前契約が保障していた保険金額まではお支払いの対象となります(※)"
149,うつ病・躁うつ病・不安障害・統合失調症・神経症（ノイローゼ）・適応障害・不眠症・アルコール依存症・てんかん・認知症●保険期間の全期間（更新型の場合は更新限度まで）にわたり、お支払いの対象となりません
150,で、給付金のお支払いはできません
151,）❸乳房｢精神・行動の障害、てんかん、睡眠障害および薬剤等中毒｣適用時の取扱い事例2特定部位・指定疾病不担保法が適用されている場合でも給付金をお支払いできる場合があります
152,(3)特定部位・指定疾病不担保法当社が指定した身体部位または指定疾病について、危険の程度に応じ、一定期間保障不適用とする方法です
153,（6）保険契約について詐欺の行為により契約が取消になった場合、または保険金などの不法取得目的があって契約が無効になった場合
154,●見直し後契約の不担保期間が終了した場合は、不担保部位での入院・手術であっても、契約内容どおりお支払い●心理的発達の障害情緒の障害●詳細不明の精神障害●小児＜児童＞期及び青年期に通常発症する行動及び・抗てんかん薬、鎮静・催眠薬及び抗パーキンソン病薬による中毒Ｆ90－Ｆ98・向精神薬による中毒、他に分類されないもの・主として自律神経系に作用する薬物による中毒Ｆ80－Ｆ89●薬物、薬剤及び生物学的製剤による中毒(Ｔ36－Ｔ50)のうち、の対象となります
155,②のみお支払いの対象となります
156,"3,000万円【計算式】お支払いする保険金額  2,250万円お支払いする保険金額  2,250万円3,000万円保険金額×75％＝2,250万円支払割合支払保険金額4番号❷❸❺❻甲状腺胃および十二指腸肝臓、胆のうおよび胆管膵臓肺臓、胸膜、気管および気管支腎臓および尿管膀胱および尿道睾丸および副睾丸前立腺乳房頸椎部（当該神経を含みます"
157,(見直し前契約にも不担保法が適用されており、その不担保期間が終了していない場合はお支払いの対象とはなりません
158,4番号❷❸❺❻甲状腺胃および十二指腸肝臓、胆のうおよび胆管膵臓肺臓、胸膜、気管および気管支腎臓および尿管膀胱および尿道睾丸および副睾丸前立腺乳房頸椎部（当該神経を含みます
159,ただし、子宮または子宮附属器における悪性新生物・上皮内がん・約款所定の感染症による治療を目的とする手術については、女性特定手術給付金をお支払いいたします
160,見直し前契約に付加されている特約が以下のいずれかで、見直し後契約の女性特定治療保険に｢特定部位不担保法（女性特定治療保険用）｣が適用される場合●女性特定治療特約Ｄ●無配当女性特定治療特約❻食道および胃胃および十二指腸小腸（十二指腸、空腸および回腸をいいます
161,"特定状態収入保障保険死亡給付金 / 身体障害年金特定疾病年金 / 介護年金特定疾病定期保険死亡保険金特定疾病充実保障定期保険死亡保険金特定疾病保険金特定疾病保険金 特定疾病充実保障保険金例終身保険および定期保険に保険金額削減支払法を適用した場合●終身保険●定期保険●削減期間3年間保険金額 2,000万円保険金額 1,000万円3,000万円契約後3年目に胃がんで死亡この場合の保険金額は右のとおりとなります"
162,"【見直し前契約】日額 5,000円×不担保期間【見直し後契約】日額 10,000円●不担保期間中の不担保部位の入院・手術であっても、見直し前契約が保障していた日額まではお支払いの対象となる場合があります"
163,（※2）(※2)責任開始日から契約日の前日までの期間についても、第1保険年度とみなします
164,）胸椎部（当該神経を含みます
165,）脊椎（当該神経を含みます
166,「精神・行動の障害、てんかん、睡眠障害および薬剤等中毒」とは、平成27年２月13日総務省告示第35号にもとづく厚生労働省大臣官房統計情報部編「疾病、傷害及び死因の統計分類提要ＩＣＤ－10（2013年版）準拠」に記載された分類項目中、次表の基本分類コードに規定される内容によるもの（複数の基本分類コードが使用される傷病名で、「特定部位・指定疾病不担保法」が適用される場合❷耳（内耳、中耳および外耳を含みます
167,ただし、その病気に関して第一生命が告知などによって知った事実をもとに承諾したとき（※2）や、責任開始期（または復活日）から2年経過後に入院を開始または手術を受けたときなどは、約款の規定により例外としてお支払いの対象となることがあります
168,①②③発病（原因）事由に該当発病（原因）事由に該当発病（原因）事由に該当● 健康診断等において異常の指摘（要経過観察の指摘を含む）がある
169,特定状態充実保障保険金（Ａ）：身体障害者障害程度等級表に定める4級の障害に該当し手帳の交付があった場合特定状態充実保障保険金（Ｂ）：身体障害者障害程度等級表に定める5級または6級の障害に該当し手帳の交付があった場合3特別条件を付加した場合の注意点(2)特別保険料領収法を除き、保険料に変更はありません
170,（女性特定治療保険用）｣が適用される場合●女性特定治療特約Ｄ●無配当女性特定治療特約4生殖器(女性)5生殖器(男性)子宮、卵巣、卵管および子宮付属器左肩関節部左上肢（左肩関節部を除きます
